{
    "$ref": "#/definitions/object",
    "title": "object type",
    "definitions": {
        "string": {
            "required": [
                "type"
            ],
            "defaultProperties": [
                "type",
                "title"
            ],
            "additionalProperties": false,
            "title": "string type",
            "type": "object",
            "properties": {
                "$ref": {
                    "format": "uri",
                    "type": "string"
                },
                "default": {
                    "type": "string"
                },
                "format": {
                    "type": "string",
                    "enum": [
                        "color",
                        "date",
                        "datetime",
                        "datetime-local",
                        "email",
                        "month",
                        "password",
                        "tel",
                        "text",
                        "textarea",
                        "time",
                        "url",
                        "week",
                        "json",
                        "sql",
                        "xml",
                        "yaml"
                    ]
                },
                "$schema": {
                    "format": "uri",
                    "type": "string"
                },
                "id": {
                    "format": "uri",
                    "type": "string"
                },
                "title": {
                    "type": "string",
                    "propertyOrder": 1
                },
                "type": {
                    "options": {
                        "hidden": true
                    },
                    "type": "string",
                    "enum": [
                        "string"
                    ]
                },
                "enum": {
                    "format": "table",
                    "items": {
                        "title": "alternative",
                        "type": "string"
                    },
                    "type": "array"
                },
                "description": {
                    "type": "string"
                }
            }
        },
        "null": {
            "required": [
                "type"
            ],
            "defaultProperties": [
                "type",
                "title"
            ],
            "additionalProperties": false,
            "title": "null type",
            "type": "object",
            "properties": {
                "$ref": {
                    "format": "uri",
                    "type": "string"
                },
                "default": {
                    "type": "null"
                },
                "$schema": {
                    "format": "uri",
                    "type": "string"
                },
                "id": {
                    "format": "uri",
                    "type": "string"
                },
                "title": {
                    "type": "string",
                    "propertyOrder": 1
                },
                "type": {
                    "options": {
                        "hidden": true
                    },
                    "type": "string",
                    "enum": [
                        "null"
                    ]
                },
                "description": {
                    "type": "string"
                }
            }
        },
        "array": {
            "required": [
                "type"
            ],
            "defaultProperties": [
                "type",
                "items",
                "title"
            ],
            "additionalProperties": false,
            "title": "array type",
            "type": "object",
            "properties": {
                "$ref": {
                    "format": "uri",
                    "type": "string"
                },
                "default": {
                    "type": "array"
                },
                "format": {
                    "default": "table",
                    "type": "string",
                    "enum": [
                        "array",
                        "table",
                        "tabs",
                        "tabs-top",
                        "checkbox",
                        "select",
                        "categories"
                    ]
                },
                "items": {
                    "$ref": "#/definitions/schema"
                },
                "$schema": {
                    "format": "uri",
                    "type": "string"
                },
                "id": {
                    "format": "uri",
                    "type": "string"
                },
                "title": {
                    "type": "string",
                    "propertyOrder": 1
                },
                "type": {
                    "options": {
                        "hidden": true
                    },
                    "type": "string",
                    "enum": [
                        "array"
                    ]
                },
                "description": {
                    "type": "string"
                }
            }
        },
        "schema": {
            "default": {
                "type": "object"
            },
            "oneOf": [
                {
                    "$ref": "#/definitions/null",
                    "title": "null type"
                },
                {
                    "$ref": "#/definitions/boolean",
                    "title": "boolean type"
                },
                {
                    "$ref": "#/definitions/string",
                    "title": "string type"
                },
                {
                    "$ref": "#/definitions/integer",
                    "title": "integer type"
                },
                {
                    "$ref": "#/definitions/number",
                    "title": "number type"
                },
                {
                    "$ref": "#/definitions/object",
                    "title": "object type"
                },
                {
                    "$ref": "#/definitions/array",
                    "title": "array type"
                }
            ],
            "options": {
                "keep_oneof_values": false
            },
            "type": "object"
        },
        "boolean": {
            "required": [
                "type"
            ],
            "defaultProperties": [
                "type",
                "title"
            ],
            "additionalProperties": false,
            "title": "boolean type",
            "type": "object",
            "properties": {
                "$ref": {
                    "format": "uri",
                    "type": "string"
                },
                "default": {
                    "type": "boolean"
                },
                "format": {
                    "type": "string",
                    "enum": [
                        "select",
                        "checkbox"
                    ]
                },
                "$schema": {
                    "format": "uri",
                    "type": "string"
                },
                "id": {
                    "format": "uri",
                    "type": "string"
                },
                "title": {
                    "type": "string",
                    "propertyOrder": 1
                },
                "type": {
                    "options": {
                        "hidden": true
                    },
                    "type": "string",
                    "enum": [
                        "boolean"
                    ]
                },
                "description": {
                    "type": "string"
                }
            }
        },
        "object": {
            "required": [
                "type"
            ],
            "defaultProperties": [
                "type",
                "properties",
                "title"
            ],
            "additionalProperties": false,
            "title": "object type",
            "type": "object",
            "properties": {
                "$ref": {
                    "format": "uri",
                    "type": "string"
                },
                "default": {
                    "type": "object"
                },
                "format": {
                    "type": "string",
                    "enum": [
                        "object","grid","categories"
                    ]
                },
                "required": {
                    "uniqueItems": true,
                    "format": "table",
                    "items": {
                        "title": "property",
                        "type": "string"
                    },
                    "type": "array"
                },
                "$schema": {
                    "format": "uri",
                    "type": "string"
                },
                "id": {
                    "format": "uri",
                    "type": "string"
                },
                "title": {
                    "type": "string",
                    "propertyOrder": 1
                },
                "type": {
                    "options": {
                        "hidden": true
                    },
                    "type": "string",
                    "enum": [
                        "object"
                    ]
                },
                "description": {
                    "type": "string"
                },
                "properties": {
                    "type": "object",
                    "patternProperties": {
                        ".*": {
                            "$ref": "#/definitions/propertySchema"
                        }
                    }
                }
            }
        },
        "number": {
            "required": [
                "type"
            ],
            "defaultProperties": [
                "type",
                "title"
            ],
            "additionalProperties": false,
            "title": "number type",
            "type": "object",
            "properties": {
                "$ref": {
                    "format": "uri",
                    "type": "string"
                },
                "maximum": {
                    "type": "number"
                },
                "default": {
                    "type": "number"
                },
                "minimum": {
                    "type": "number"
                },
                "$schema": {
                    "format": "uri",
                    "type": "string"
                },
                "id": {
                    "format": "uri",
                    "type": "string"
                },
                "title": {
                    "type": "string",
                    "propertyOrder": 1
                },
                "type": {
                    "options": {
                        "hidden": true
                    },
                    "type": "string",
                    "enum": [
                        "number"
                    ]
                },
                "enum": {
                    "format": "table",
                    "items": {
                        "title": "alternative",
                        "type": "number"
                    },
                    "type": "array"
                },
                "description": {
                    "type": "string"
                }
            }
        },
        "integer": {
            "required": [
                "type"
            ],
            "defaultProperties": [
                "type",
                "title"
            ],
            "additionalProperties": false,
            "title": "integer type",
            "type": "object",
            "properties": {
                "$ref": {
                    "format": "uri",
                    "type": "string"
                },
                "maximum": {
                    "type": "integer"
                },
                "default": {
                    "type": "integer"
                },
                "format": {
                    "type": "string",
                    "enum": [
                        "range",
                        "number"
                    ]
                },
                "minimum": {
                    "type": "integer"
                },
                "$schema": {
                    "format": "uri",
                    "type": "string"
                },
                "id": {
                    "format": "uri",
                    "type": "string"
                },
                "title": {
                    "type": "string",
                    "propertyOrder": 1
                },
                "type": {
                    "options": {
                        "hidden": true
                    },
                    "type": "string",
                    "enum": [
                        "integer"
                    ]
                },
                "enum": {
                    "format": "table",
                    "items": {
                        "title": "alternative",
                        "type": "integer"
                    },
                    "type": "array"
                },
                "description": {
                    "type": "string"
                }
            }
        },
        "propertySchema": {
            "default": {
                "type": "object"
            },
            "oneOf": [
                {
                    "required": [
                        "type"
                    ],
                    "defaultProperties": [
                        "type"
                    ],
                    "additionalProperties": false,
                    "title": "null type",
                    "type": "object",
                    "properties": {
                        "$ref": {
                            "format": "uri",
                            "type": "string"
                        },
                        "default": {
                            "type": "null"
                        },
                        "$schema": {
                            "format": "uri",
                            "type": "string"
                        },
                        "id": {
                            "format": "uri",
                            "type": "string"
                        },
                        "type": {
                            "options": {
                                "hidden": true
                            },
                            "type": "string",
                            "enum": [
                                "null"
                            ]
                        },
                        "description": {
                            "type": "string"
                        }
                    }
                },
                {
                    "required": [
                        "type"
                    ],
                    "defaultProperties": [
                        "type"
                    ],
                    "additionalProperties": false,
                    "title": "boolean type",
                    "type": "object",
                    "properties": {
                        "$ref": {
                            "format": "uri",
                            "type": "string"
                        },
                        "default": {
                            "type": "boolean"
                        },
                        "format": {
                            "type": "string",
                            "enum": [
                                "select",
                                "checkbox"
                            ]
                        },
                        "$schema": {
                            "format": "uri",
                            "type": "string"
                        },
                        "id": {
                            "format": "uri",
                            "type": "string"
                        },
                        "type": {
                            "options": {
                                "hidden": true
                            },
                            "type": "string",
                            "enum": [
                                "boolean"
                            ]
                        },
                        "description": {
                            "type": "string"
                        }
                    }
                },
                {
                    "required": [
                        "type"
                    ],
                    "defaultProperties": [
                        "type"
                    ],
                    "additionalProperties": false,
                    "title": "string type",
                    "type": "object",
                    "properties": {
                        "$ref": {
                            "format": "uri",
                            "type": "string"
                        },
                        "default": {
                            "type": "string"
                        },
                        "format": {
                            "type": "string",
                            "enum": [
                                "color",
                                "date",
                                "datetime",
                                "datetime-local",
                                "email",
                                "month",
                                "password",
                                "tel",
                                "text",
                                "textarea",
                                "time",
                                "url",
                                "week",
                                "json",
                                "sql",
                                "xml",
                                "yaml"
                            ]
                        },
                        "$schema": {
                            "format": "uri",
                            "type": "string"
                        },
                        "id": {
                            "format": "uri",
                            "type": "string"
                        },
                        "type": {
                            "options": {
                                "hidden": true
                            },
                            "type": "string",
                            "enum": [
                                "string"
                            ]
                        },
                        "enum": {
                            "format": "table",
                            "items": {
                                "title": "alternative",
                                "type": "string"
                            },
                            "type": "array"
                        },
                        "description": {
                            "type": "string"
                        }
                    }
                },
                {
                    "required": [
                        "type"
                    ],
                    "defaultProperties": [
                        "type"
                    ],
                    "additionalProperties": false,
                    "title": "integer type",
                    "type": "object",
                    "properties": {
                        "$ref": {
                            "format": "uri",
                            "type": "string"
                        },
                        "maximum": {
                            "type": "integer"
                        },
                        "default": {
                            "type": "integer"
                        },
                        "format": {
                            "type": "string",
                            "enum": [
                                "range",
                                "number"
                            ]
                        },
                        "minimum": {
                            "type": "integer"
                        },
                        "$schema": {
                            "format": "uri",
                            "type": "string"
                        },
                        "id": {
                            "format": "uri",
                            "type": "string"
                        },
                        "type": {
                            "options": {
                                "hidden": true
                            },
                            "type": "string",
                            "enum": [
                                "integer"
                            ]
                        },
                        "enum": {
                            "format": "table",
                            "items": {
                                "title": "alternative",
                                "type": "integer"
                            },
                            "type": "array"
                        },
                        "description": {
                            "type": "string"
                        }
                    }
                },
                {
                    "required": [
                        "type"
                    ],
                    "defaultProperties": [
                        "type"
                    ],
                    "additionalProperties": false,
                    "title": "number type",
                    "type": "object",
                    "properties": {
                        "$ref": {
                            "format": "uri",
                            "type": "string"
                        },
                        "maximum": {
                            "type": "number"
                        },
                        "default": {
                            "type": "number"
                        },
                        "minimum": {
                            "type": "number"
                        },
                        "$schema": {
                            "format": "uri",
                            "type": "string"
                        },
                        "id": {
                            "format": "uri",
                            "type": "string"
                        },
                        "type": {
                            "options": {
                                "hidden": true
                            },
                            "type": "string",
                            "enum": [
                                "number"
                            ]
                        },
                        "enum": {
                            "format": "table",
                            "items": {
                                "title": "alternative",
                                "type": "number"
                            },
                            "type": "array"
                        },
                        "description": {
                            "type": "string"
                        }
                    }
                },
                {
                    "required": [
                        "type"
                    ],
                    "defaultProperties": [
                        "type",
                        "properties"
                    ],
                    "additionalProperties": false,
                    "title": "object type",
                    "type": "object",
                    "properties": {
                        "$ref": {
                            "format": "uri",
                            "type": "string"
                        },
                        "default": {
                            "type": "object"
                        },
                        "format": {
                            "type": "string",
                            "enum": [
                                "object","grid","categories"
                            ]
                        },
                        "required": {
                            "uniqueItems": true,
                            "format": "table",
                            "items": {
                                "title": "property",
                                "type": "string"
                            },
                            "type": "array"
                        },
                        "$schema": {
                            "format": "uri",
                            "type": "string"
                        },
                        "id": {
                            "format": "uri",
                            "type": "string"
                        },
                        "type": {
                            "options": {
                                "hidden": true
                            },
                            "type": "string",
                            "enum": [
                                "object"
                            ]
                        },
                        "description": {
                            "type": "string"
                        },
                        "properties": {
                            "type": "object",
                            "patternProperties": {
                                ".*": {
                                    "$ref": "#/definitions/propertySchema"
                                }
                            }
                        }
                    }
                },
                {
                    "required": [
                        "type"
                    ],
                    "defaultProperties": [
                        "type",
                        "items"
                    ],
                    "additionalProperties": false,
                    "title": "array type",
                    "type": "object",
                    "properties": {
                        "$ref": {
                            "format": "uri",
                            "type": "string"
                        },
                        "default": {
                            "type": "array"
                        },
                        "format": {
                            "default": "table",
                            "type": "string",
                            "enum": [
                                "array",
                                "table",
                                "tabs",
                                "tabs-top",
                                "checkbox",
                                "select",
                                "categories"
                            ]
                        },
                        "items": {
                            "$ref": "#/definitions/schema"
                        },
                        "$schema": {
                            "format": "uri",
                            "type": "string"
                        },
                        "id": {
                            "format": "uri",
                            "type": "string"
                        },
                        "type": {
                            "options": {
                                "hidden": true
                            },
                            "type": "string",
                            "enum": [
                                "array"
                            ]
                        },
                        "description": {
                            "type": "string"
                        }
                    }
                }
            ],
            "options": {
                "keep_oneof_values": false
            },
            "type": "object"
        }
    }
}